Time,Distance,Rotation
0,-1.055099,1.060255
0.007818222,-1.05462,1.112522
0.01872635,-1.054077,1.17013
0.02979088,-1.05356,1.220729
0.0409832,-1.053078,1.265352
0.05499649,-1.052594,1.310536
0.06361389,-1.052128,1.349083
0.0739975,-1.051711,1.382313
0.08506966,-1.051204,1.406145
0.09622383,-1.050675,1.423965
0.1073666,-1.050146,1.446085
0.1186848,-1.04958,1.461944
0.1295033,-1.049076,1.464183
0.140646,-1.048521,1.460371
0.1517448,-1.048014,1.443958
0.1636562,-1.047502,1.433365
0.1743622,-1.046854,1.420317
0.1851082,-1.046286,1.413377
0.1962585,-1.045717,1.397186
0.2072735,-1.045136,1.37467
0.2186317,-1.044564,1.365167
0.229538,-1.043972,1.362126
0.2408752,-1.043433,1.357971
0.2516499,-1.042837,1.342894
0.2629128,-1.042214,1.318709
0.2738762,-1.041533,1.275708
0.2850914,-1.040875,1.222747
0.2961121,-1.040146,1.176914
0.3072147,-1.039462,1.13545
0.3184509,-1.038658,1.107806
0.3295708,-1.037924,1.072951
0.3404903,-1.037142,1.048352
0.3517323,-1.036394,1.012776
0.3628311,-1.03555,0.9720118
0.3738403,-1.034616,0.9331871
0.3849316,-1.033726,0.8963137
0.3960457,-1.032787,0.8708
0.4071693,-1.03187,0.8539852
0.4184895,-1.030885,0.8150688
0.4293766,-1.029858,0.8089337
0.4406796,-1.028756,0.7918636
0.4515934,-1.027694,0.7997838
0.4628525,-1.026552,0.8282496
0.473793,-1.025411,0.8560749
0.4848804,-1.024228,0.8827602
0.4966946,-1.022935,0.9103685
0.5072041,-1.021629,0.9380809
0.5182343,-1.020273,0.9662213
0.5293446,-1.018925,0.9819248
0.5404644,-1.017469,1.026589
0.5515823,-1.015989,1.044367
0.5626564,-1.014399,1.086031
0.5737896,-1.012745,1.120216
0.584856,-1.011033,1.150099
0.5959949,-1.009239,1.192945
0.6071033,-1.007436,1.240896
0.6181927,-1.005577,1.28644
0.6293545,-1.003619,1.362385
0.640377,-1.001538,1.43246
0.6514683,-0.9993616,1.502751
0.6629982,-0.9970742,1.565103
0.6737309,-0.9945987,1.603502
0.6848259,-0.9921076,1.622112
0.695982,-0.9894829,1.644596
0.7071953,-0.9868153,1.692367
0.7183285,-0.9841384,1.759711
0.7295933,-0.9813735,1.82059
0.7404709,-0.9784459,1.867018
0.7514839,-0.9752412,1.917387
0.7629814,-0.9720762,1.955884
0.773737,-0.9686564,1.990155
0.785078,-0.9651636,2.00393
0.7959538,-0.9616765,1.992379
0.8071098,-0.9580481,1.967834
0.8183861,-0.9542142,1.912176
0.829464,-0.950286,1.845465
0.840313,-0.9460976,1.736243
0.8513737,-0.9418036,1.616736
0.8626842,-0.9372363,1.465556
0.87397,-0.9325231,1.346145
0.8847828,-0.9276974,1.253689
0.8961277,-0.9228282,1.177087
0.9075413,-0.9177841,1.129561
0.9180298,-0.9125985,1.108937
0.9291744,-0.9072993,1.105836
0.9402905,-0.9018288,1.094426
0.951355,-0.8962632,1.067404
0.962656,-0.8905103,1.020048
0.9737873,-0.8847902,0.9770863
0.9848175,-0.8788093,0.9745549
0.9958019,-0.87281,1.018799
1.006876,-0.8668238,1.091414
1.018009,-0.860602,1.178833
1.029543,-0.8541523,1.246967
1.040337,-0.8476574,1.297276
1.051399,-0.8410815,1.317847
1.0625,-0.8341879,1.314937
1.073561,-0.8273274,1.282813
1.08466,-0.8202791,1.216981
1.095722,-0.8131019,1.132546
1.107224,-0.8059119,1.043936
1.117985,-0.7987206,0.9633467
1.129412,-0.7913108,0.8892282
1.141062,-0.7838115,0.8381864
1.151659,-0.7761464,0.7848758
1.162674,-0.7685502,0.729435
1.17382,-0.7609267,0.6721538
1.184763,-0.7529452,0.5984675
1.195787,-0.7450975,0.5167356
1.207226,-0.7372938,0.4692856
1.217968,-0.7295386,0.4628201
1.229067,-0.7218512,0.4938936
1.24028,-0.7140604,0.5011603
1.251265,-0.7066489,0.4916807
1.262457,-0.6988238,0.4804096
1.273554,-0.6914113,0.4567245
1.28458,-0.6839311,0.4088265
1.295689,-0.6762987,0.3292239
1.307062,-0.6686975,0.214096
1.317841,-0.6610671,0.09774902
1.328995,-0.6534363,0.007080345
1.340292,-0.6457304,359.9264
1.351171,-0.6379269,359.8566
1.362398,-0.6300961,359.7983
1.373455,-0.6223156,359.7718
1.384535,-0.6145271,359.8055
1.395603,-0.6067666,359.9264
1.406935,-0.5989925,0.08774411
1.41806,-0.5912598,0.3247685
1.42897,-0.5836309,0.5690086
1.440096,-0.576148,0.8064386
1.451521,-0.5686687,1.027375
1.462244,-0.5611446,1.240662
1.473417,-0.5536853,1.415245
1.484512,-0.5461714,1.545684
1.495573,-0.5386556,1.666567
1.506851,-0.5312868,1.769072
1.517788,-0.5238914,1.862615
1.529224,-0.516516,1.949571
1.540146,-0.5091529,2.020794
1.551718,-0.5018775,2.063539
1.562393,-0.4944577,2.096381
1.573395,-0.4870883,2.103317
1.584459,-0.4797235,2.095822
1.595619,-0.4723247,2.077441
1.606764,-0.4650154,2.062106
1.61799,-0.4575491,2.063001
1.628977,-0.4501073,2.072181
1.640081,-0.44247,2.109775
1.651123,-0.4348687,2.158309
1.662512,-0.4271948,2.167216
1.67333,-0.4194802,2.151875
1.684364,-0.4117086,2.126381
1.695492,-0.4039562,2.117953
1.7066,-0.3962045,2.147864
1.717968,-0.3883603,2.178593
1.728807,-0.3804278,2.221719
1.739943,-0.3724297,2.249625
1.75124,-0.3643512,2.228002
1.76227,-0.35627,2.180205
1.773228,-0.3480687,2.10208
1.784277,-0.3398483,2.00373
1.795494,-0.3314235,1.889497
1.806576,-0.3230375,1.766137
1.817656,-0.3145012,1.637613
1.829044,-0.3059522,1.529666
1.839855,-0.29714,1.448547
1.85121,-0.2880262,1.497627
1.862061,-0.278776,1.622947
1.873171,-0.269222,1.685392
1.88509,-0.2598506,1.616929
1.895395,-0.2499409,1.565494
1.906569,-0.240158,1.598199
1.91757,-0.2304039,1.773632
1.928976,-0.2205096,2.011643
1.939785,-0.2107197,2.252921
1.950882,-0.2010769,2.537655
1.962019,-0.1913902,2.852971
1.973118,-0.1819562,3.177389
1.984241,-0.1725148,3.471574
1.995377,-0.1630547,3.729531
2.006466,-0.1536185,3.951087
2.017551,-0.1438791,4.092662
2.028799,-0.1340194,4.108916
2.039797,-0.124204,4.121882
2.050991,-0.1145049,4.128506
2.062101,-0.1049691,4.172638
2.073105,-0.09543657,4.256185
2.084681,-0.08616066,4.360534
2.095364,-0.07679534,4.53031
2.106421,-0.0677495,4.748098
2.117754,-0.05856133,4.976862
2.128633,-0.04955626,5.180506
2.139826,-0.04049253,5.300891
2.15085,-0.03143167,5.374921
2.161982,-0.02245927,5.432522
2.173296,-0.01346564,5.492871
2.184155,-0.004541159,5.56272
2.195297,0.004236937,5.635746
2.206341,0.01288521,5.720087
2.218542,0.02159917,5.792822
2.228848,0.03023446,5.840124
2.239927,0.03889859,5.879213
2.250908,0.04755485,5.894798
2.262032,0.05619872,5.916433
2.273045,0.06481373,5.940243
2.284115,0.07341826,5.970817
2.295372,0.08211005,5.989802
2.306519,0.09081733,6.000089
2.317493,0.09957516,6.014066
2.328613,0.1083444,6.016741
2.339825,0.1170448,6.045455
2.350767,0.1259352,6.047647
2.362148,0.1347798,6.067353
2.373034,0.1437517,6.089301
2.384075,0.1527537,6.106268
2.39517,0.1620828,6.106391
2.406324,0.1713928,6.081561
2.417387,0.1809474,6.034935
2.42849,0.190534,5.97387
2.439585,0.2000233,5.923582
2.45068,0.2098092,5.883809
2.461819,0.2197238,5.901611
2.472969,0.2297901,5.988481
2.483982,0.2399257,6.154927
2.495667,0.2503349,6.295765
2.506432,0.2608384,6.376337
2.517366,0.271624,6.533974
2.528545,0.2827646,6.726051
2.543676,0.2941591,6.831296
2.550833,0.3056515,6.838574
2.560154,0.3172966,6.721135
2.571222,0.3289114,6.542855
2.582642,0.3406295,6.370386
2.593473,0.3521794,6.367771
2.604807,0.3636466,6.544599
2.615664,0.3749925,6.894008
2.626926,0.3861486,7.201789
2.637941,0.397467,7.357241
2.648981,0.408816,7.378116
2.660118,0.4201111,7.328546
2.671289,0.4315859,7.214978
2.682381,0.4429387,7.103261
2.693466,0.4541289,7.005593
2.704821,0.4650117,7.030442
2.715626,0.4756366,7.233044
2.726994,0.4862379,7.555101
2.737818,0.4966336,7.955871
2.749222,0.5069116,8.3273
2.760323,0.5172006,8.577741
2.771383,0.5274354,8.768906
2.782269,0.5374502,8.899041
2.793434,0.5474802,9.004546
2.804491,0.5572764,9.043595
2.816824,0.5680996,9.087085
2.826717,0.576712,9.079059
2.837807,0.5864457,9.109878
2.848902,0.5960172,9.144303
2.860022,0.6056765,9.202024
2.871082,0.6151944,9.256895
2.882317,0.6246108,9.314572
2.893341,0.6340963,9.386812
2.904623,0.6435553,9.480153
2.915833,0.6529778,9.604297
2.927094,0.6623107,9.750718
2.938534,0.6718291,9.88723
2.949547,0.6814011,9.959752
2.960783,0.6909875,10.02895
2.972063,0.7006744,10.08874
2.983227,0.7105702,10.15418
2.994711,0.7204996,10.20956
3.005905,0.7303401,10.28323
3.017035,0.7401208,10.3678
3.028257,0.7499474,10.46827
3.039316,0.7596952,10.54889
3.050507,0.7695776,10.62005
3.061556,0.7794985,10.69954
3.072922,0.7894863,10.74958
3.083721,0.799559,10.7513
3.095043,0.8096844,10.74685
3.105944,0.8198675,10.7492
3.11714,0.8301014,10.69188
3.128197,0.8404332,10.61288
3.139278,0.8507985,10.5437
3.150452,0.8617483,10.68897
3.161572,0.8731641,10.81393
3.172613,0.8844942,10.78685
3.183691,0.8958505,10.64363
3.195,0.9073459,10.38574
3.205906,0.9185976,10.22744
3.217171,0.9297112,10.2471
3.228346,0.9408399,10.46115
3.23933,0.9516841,10.82407
3.250418,0.9623021,11.11289
3.261507,0.9728583,11.1866
3.272612,0.9835297,11.15554
3.283678,0.9941648,10.99381
3.295027,1.004626,10.81046
3.305956,1.014996,10.61686
3.317604,1.025089,10.48884
3.328344,1.035017,10.45097
3.339275,1.044577,10.54927
3.350426,1.054052,10.7292
3.361393,1.06325,10.98269
3.37252,1.072444,11.17332
3.383617,1.081664,11.29272
3.394753,1.090975,11.3852
3.405899,1.100165,11.50008
3.416935,1.109332,11.60185
3.428072,1.118497,11.66437
3.439159,1.12763,11.67168
3.450209,1.136739,11.62093
3.461428,1.145863,11.57736
3.472477,1.155084,11.56001
3.483545,1.164362,11.5616
3.494667,1.173577,11.53318
3.505739,1.182898,11.49395
3.51688,1.192327,11.45865
3.527996,1.201748,11.45539
3.539051,1.211253,11.43913
3.550209,1.220956,11.43182
3.561304,1.23068,11.40284
3.572651,1.240618,11.37491
3.583515,1.250587,11.34128
3.594654,1.260674,11.31504
3.605749,1.270872,11.31408
3.616896,1.281195,11.34083
3.627962,1.291513,11.36053
3.639044,1.301931,11.43097
3.650452,1.312518,11.52061
3.661264,1.3233,11.65512
3.672644,1.334362,11.77712
3.683439,1.345473,11.86917
3.69454,1.356819,11.91306
3.705671,1.368339,11.89781
3.716761,1.379972,11.80765
3.727886,1.391921,11.68912
3.738983,1.403965,11.69617
3.750294,1.416602,11.9285
3.761206,1.429386,12.13001
3.772348,1.442277,12.30848
3.783436,1.455512,12.28071
3.794586,1.46846,12.0328
3.806007,1.481299,11.78714
3.817011,1.494194,11.77387
3.827879,1.506849,12.02382
3.838917,1.519009,12.506
3.850363,1.530959,12.93793
3.861168,1.542886,13.12446
3.872263,1.555053,12.96451
3.883535,1.567403,12.69957
3.894642,1.579891,12.27272
3.905588,1.591936,12.02222
3.916702,1.603563,11.94994
3.928123,1.61513,12.10432
3.938931,1.626389,12.36476
3.950285,1.637693,12.59051
3.961094,1.64877,12.77506
3.97224,1.659887,12.95789
3.983328,1.670828,13.12702
3.994568,1.681643,13.2978
4.005533,1.692366,13.44871
4.016659,1.702913,13.5871
4.027811,1.713437,13.71671
4.038872,1.723818,13.81631
4.049988,1.734055,13.8897
4.061089,1.744251,13.95264
4.072153,1.754421,13.99289
4.083307,1.764498,14.05643
4.094383,1.774327,14.11911
4.105509,1.784206,14.20184
4.116592,1.79407,14.30031
4.127676,1.803871,14.36734
4.138783,1.813734,14.42989
4.149904,1.823579,14.48254
4.161074,1.833448,14.52192
4.172174,1.843202,14.55356
4.183699,1.852994,14.55455
4.194763,1.862848,14.54509
4.205696,1.872773,14.54051
4.217161,1.882778,14.4642
4.227833,1.89294,14.3104
4.239107,1.903326,14.06581
4.249983,1.913753,13.82747
4.261015,1.924418,13.56491
4.272141,1.935174,13.36632
4.283266,1.946129,13.22223
4.294302,1.957057,13.13678
4.305424,1.968228,13.14638
4.316486,1.979537,13.28387
4.327614,1.991573,13.68628
4.338715,2.004645,13.95117
4.349867,2.017291,13.83465
4.361174,2.029989,13.50972
4.372454,2.043207,13.2834
4.383154,2.056602,13.31735
4.394331,2.069492,13.48815
4.409456,2.081991,13.925
4.416451,2.094075,14.45327
4.426033,2.106143,14.78841
4.437138,2.117983,14.97667
4.448437,2.129943,14.75084
4.459343,2.141932,14.3686
4.470404,2.154047,13.77696
4.481567,2.165847,13.34004
4.492779,2.177358,13.08146
4.503757,2.188374,13.06132
4.514948,2.198967,13.347
4.526001,2.209356,13.79634
4.537403,2.219623,14.29984
4.548252,2.230025,14.66946
4.559271,2.240596,14.91046
4.570387,2.251216,15.10298
4.581461,2.261825,15.22478
4.592775,2.27238,15.35046
4.603764,2.282936,15.43364
4.614819,2.293475,15.50134
4.62595,2.304053,15.53767
4.637056,2.314627,15.59046
4.648146,2.325217,15.59216
4.659357,2.335979,15.57324
4.670305,2.346682,15.53245
4.681452,2.357474,15.46415
4.69265,2.368287,15.43657
4.703657,2.379044,15.44854
4.714792,2.389853,15.47188
4.72595,2.400453,15.48191
4.736948,2.411057,15.51358
4.7481,2.421594,15.60904
4.759287,2.432138,15.77773
4.770382,2.442556,15.98782
4.782228,2.453102,16.23954
4.793205,2.463877,16.39291
4.804399,2.475008,16.38816
4.815468,2.48651,16.16331
4.826694,2.498304,15.82123
4.837912,2.510034,15.51818
4.84915,2.52186,15.2506
4.86046,2.533381,15.14307
4.871653,2.545217,15.34699
4.882923,2.557748,15.68754
4.894047,2.570017,15.8204
4.905298,2.58245,15.85847
4.916285,2.594933,15.70205
4.92733,2.607036,15.56084
4.93845,2.61891,15.61395
4.949633,2.630279,15.82541
4.960737,2.641119,16.16258
4.971779,2.652074,16.42834
4.982874,2.663091,16.7085
4.997158,2.674104,16.79503
5.005188,2.685191,16.74953
5.01623,2.696344,16.75304
5.02746,2.707494,16.71404
5.038467,2.718483,16.69554
5.049528,2.729311,16.6098
5.06074,2.740077,16.58897
5.071779,2.750611,16.55001
5.082855,2.761033,16.57294
5.093954,2.771379,16.59071
5.105059,2.781606,16.59175
5.116196,2.791643,16.58448
5.127249,2.801598,16.58952
5.138361,2.811539,16.59929
