Time (s),HMD_Position_X,HMD_Rotation_X
0.0000,-0.490050,3.055935
0.0115,-0.490354,3.062188
0.0249,-0.490397,3.036731
0.0300,-0.490989,3.052485
0.0392,-0.491279,3.045176
0.0502,-0.490489,3.153069
0.0613,-0.490463,3.147788
0.0744,-0.490564,3.149508
0.0835,-0.490653,3.133516
0.0946,-0.490692,3.145982
0.1057,-0.488917,3.226658
0.1168,-0.488848,3.227145
0.1280,-0.488900,3.213685
0.1391,-0.488963,3.208386
0.1502,-0.488955,3.221485
0.1650,-0.488902,3.232045
0.1724,-0.488868,3.216185
0.1836,-0.489113,3.200033
0.1947,-0.488965,3.205743
0.2057,-0.488536,3.204454
0.2168,-0.488319,3.217934
0.2281,-0.490528,3.184557
0.2390,-0.490598,3.176743
0.2501,-0.489438,3.233944
0.2613,-0.489371,3.233971
0.2731,-0.489355,3.236197
0.2837,-0.489882,3.252091
0.2946,-0.489973,3.252407
0.3060,-0.491189,3.213644
0.3204,-0.491459,3.217650
0.3281,-0.491355,3.236329
0.3390,-0.491581,3.245940
0.3503,-0.491074,3.298264
0.3614,-0.491172,3.297072
0.3723,-0.491151,3.293100
0.3836,-0.490237,3.359552
0.3951,-0.490168,3.361435
0.4062,-0.488936,3.361935
0.4175,-0.488807,3.390624
0.4288,-0.488653,3.379407
0.4400,-0.488607,3.347773
0.4514,-0.488468,3.351232
0.4628,-0.533570,0.973839
0.4780,-0.536203,1.016920
0.4853,-0.542949,0.646224
0.4966,-0.546725,0.659301
0.5078,-0.550396,0.734383
0.5191,-0.553842,0.793314
0.5304,-0.556990,0.858567
0.5417,-0.558835,0.954690
0.5538,-0.561480,1.005654
0.5643,-0.490779,2.616772
0.5755,-0.487979,2.605502
0.5868,-0.489715,2.447273
0.5979,-0.488548,2.443231
0.6089,-0.488491,2.393448
0.6200,-0.487484,2.403034
0.6351,-0.487289,2.386385
0.6424,-0.486790,2.389959
0.6534,-0.486329,2.376281
0.6644,-0.495318,1.979106
0.6755,-0.495437,1.995302
0.6866,-0.496007,1.955040
0.6977,-0.496400,1.957120
0.7088,-0.482073,2.506670
0.7200,-0.481694,2.518561
0.7311,-0.481492,2.467309
0.7421,-0.481744,2.396471
0.7533,-0.481374,2.390570
0.7644,-0.481480,2.376420
0.7754,-0.481989,2.330150
0.7905,-0.481759,2.315034
0.8020,-0.481950,2.311136
0.8087,-0.481811,2.307455
0.8182,-0.482280,2.240062
0.8292,-0.482225,2.241767
0.8404,-0.481537,2.241880
0.8515,-0.482389,2.173255
0.8625,-0.483151,2.129839
0.8739,-0.482974,2.129893
0.8850,-0.484013,2.108995
0.8958,-0.483983,2.102029
0.9071,-0.484256,2.105006
0.9216,-0.484352,2.117429
0.9294,-0.484551,2.116389
0.9443,-0.485146,2.041567
0.9514,-0.485902,1.970067
0.9626,-0.486250,1.972628
0.9736,-0.486103,1.935840
0.9848,-0.486471,1.937651
0.9959,-0.486417,1.942558
1.0070,-0.486773,1.950554
1.0185,-0.486905,1.909221
1.0296,-0.487178,1.920497
1.0407,-0.499867,1.545770
1.0523,-0.500371,1.564412
1.0628,-0.485999,2.030588
1.0741,-0.486151,2.029350
1.0852,-0.486158,2.090881
1.1003,-0.486362,2.070776
1.1070,-0.486516,2.056406
1.1180,-0.486494,2.065409
1.1291,-0.486507,2.041533
1.1402,-0.486726,2.013137
1.1513,-0.486683,2.012125
1.1625,-0.486862,2.008667
1.1738,-0.486628,2.005951
1.1851,-0.486810,2.000940
1.1963,-0.487149,1.972284
1.2076,-0.487350,1.963985
1.2189,-0.487218,1.954598
1.2301,-0.486993,1.963421
1.2414,-0.487191,1.940933
1.2563,-0.486228,1.974791
1.2682,-0.486220,2.037014
1.2749,-0.484948,2.093551
1.2847,-0.484941,2.095553
1.2960,-0.485087,2.080751
1.3069,-0.484568,2.098300
1.3180,-0.485725,2.068311
1.3290,-0.485692,2.081667
1.3402,-0.484857,2.101913
1.3512,-0.484971,2.085166
1.3625,-0.486126,2.088973
1.3735,-0.486466,2.080243
1.3845,-0.485367,2.132360
1.3957,-0.485476,2.120151
1.4110,-0.485062,2.133841
1.4182,-0.485129,2.108587
1.4289,-0.485074,2.109140
1.4401,-0.485125,2.076141
1.4513,-0.485130,2.079837
1.4626,-0.486653,2.094780
1.4734,-0.486774,2.081262
1.4845,-0.486869,2.094486
1.4956,-0.487047,2.067863
1.5067,-0.487151,2.071765
1.5185,-0.487359,2.069550
1.5289,-0.487429,2.070878
1.5400,-0.487259,2.056587
1.5512,-0.487521,2.039731
1.5660,-0.487556,2.031920
1.5792,-0.487432,2.048583
1.5845,-0.485016,2.114924
1.5941,-0.485081,2.100243
1.6052,-0.485050,2.093307
1.6163,-0.485055,2.095372
1.6277,-0.485061,2.098544
1.6386,-0.484996,2.072736
1.6497,-0.484946,2.083292
1.6610,-0.485010,2.052737
1.6720,-0.485116,2.056500
1.6830,-0.489146,1.941859
1.6941,-0.489165,2.089964
1.7055,-0.489453,2.087089
1.7203,-0.489770,2.079332
1.7273,-0.490016,2.074132
1.7385,-0.491432,2.071657
1.7496,-0.491956,2.063413
1.7607,-0.492335,2.062203
1.7718,-0.492504,2.077480
1.7829,-0.492807,2.056453
1.7940,-0.493210,2.058805
1.8051,-0.493551,2.060997
1.8162,-0.493913,2.046608
1.8275,-0.493529,2.087782
1.8387,-0.493611,2.080446
1.8499,-0.493252,2.108927
1.8611,-0.486513,2.386164
1.8766,-0.485449,2.446630
1.8830,-0.485191,2.420458
1.8940,-0.485883,2.446640
1.9051,-0.485740,2.436530
1.9164,-0.485680,2.438205
1.9273,-0.485602,2.424700
1.9388,-0.485411,2.429279
1.9499,-0.486117,2.390196
1.9614,-0.486752,2.435793
1.9724,-0.486677,2.442981
1.9838,-0.486847,2.422293
1.9950,-0.485707,2.487561
2.0063,-0.485523,2.483570
2.0177,-0.485684,2.449780
2.0330,-0.485667,2.460457
2.0456,-0.488751,2.368055
2.0513,-0.488965,2.377145
2.0610,-0.489114,2.383790
2.0721,-0.489499,2.366838
2.0832,-0.489596,2.356048
2.0943,-0.489882,2.357973
2.1057,-0.490077,2.358308
2.1166,-0.490158,2.367470
2.1278,-0.490379,2.356076
2.1389,-0.490314,2.358772
2.1499,-0.490415,2.366148
2.1611,-0.490576,2.342532
2.1722,-0.490784,2.346209
2.1875,-0.490719,2.334116
2.1944,-0.485827,2.495618
2.2054,-0.485601,2.493001
2.2166,-0.487915,2.444589
2.2277,-0.488270,2.439338
2.2387,-0.488396,2.430270
2.2500,-0.488529,2.427735
2.2611,-0.488589,2.420009
2.2720,-0.486738,2.585616
2.2832,-0.486669,2.561871
2.2943,-0.485666,2.658231
2.3054,-0.485594,2.644436
2.3165,-0.485819,2.706678
2.3276,-0.484730,2.735634
2.3423,-0.484501,2.713750
2.3569,-0.487331,2.672360
2.3609,-0.487480,2.662775
2.3703,-0.485822,2.758158
2.3815,-0.485686,2.737641
2.3928,-0.485621,2.734352
2.4038,-0.485496,2.726178
2.4148,-0.485521,2.721031
2.4259,-0.485447,2.718638
2.4373,-0.485350,2.695740
2.4482,-0.485724,2.753287
2.4594,-0.485622,2.739223
2.4705,-0.485569,2.748934
2.4817,-0.485480,2.725696
2.4963,-0.485631,2.769521
2.5036,-0.485543,2.775223
2.5148,-0.489051,2.686667
2.5261,-0.489231,2.676213
2.5369,-0.491399,2.632322
2.5482,-0.491836,2.623876
2.5592,-0.492128,2.625074
2.5703,-0.492302,2.632503
2.5815,-0.492329,2.642065
2.5927,-0.492254,2.642170
2.6036,-0.492534,2.645516
2.6148,-0.492638,2.647582
2.6261,-0.492406,2.659465
2.6370,-0.492217,2.668931
2.6521,-0.492312,2.660908
2.6594,-0.492164,2.663028
2.6703,-0.486220,2.871107
2.6813,-0.486001,2.867162
2.6924,-0.485209,2.948837
2.7038,-0.484963,2.953390
2.7150,-0.484278,2.953348
2.7262,-0.488246,2.893258
2.7377,-0.488250,2.863107
2.7489,-0.488291,2.862264
2.7602,-0.488329,2.857326
2.7715,-0.488565,2.827667
2.7828,-0.488608,2.836098
2.7946,-0.488694,2.813738
2.8092,-0.488627,2.813820
2.8231,-0.485590,2.915382
2.8283,-0.486122,2.931106
2.8376,-0.485984,2.926690
2.8487,-0.486010,2.930135
2.8601,-0.485878,2.929038
2.8709,-0.485899,2.897300
2.8820,-0.485740,2.899145
2.8931,-0.485672,2.872605
2.9042,-0.484354,2.909870
2.9154,-0.485237,2.865906
2.9265,-0.485084,2.856519
2.9375,-0.484919,2.866048
2.9488,-0.485031,2.833644
2.9637,-0.484879,2.823884
2.9709,-0.484798,2.820439
2.9819,-0.484637,2.814116
2.9931,-0.484473,2.817907
3.0041,-0.484684,2.817965
3.0155,-0.485103,2.790539
3.0265,-0.485209,2.790759
3.0375,-0.484943,2.773588
3.0486,-0.484896,2.766445
3.0598,-0.484804,2.769614
3.0708,-0.485223,2.745857
3.0819,-0.485147,2.742807
3.0929,-0.486831,2.775893
3.1041,-0.485586,2.813488
3.1195,-0.485428,2.812238
3.1263,-0.485366,2.810418
3.1374,-0.485239,2.804228
3.1487,-0.486031,2.829950
3.1598,-0.485990,2.835628
3.1707,-0.486157,2.863709
3.1821,-0.486111,2.865984
3.1933,-0.486182,2.842112
3.2047,-0.484989,2.895779
3.2163,-0.484813,2.881394
3.2275,-0.485226,2.895465
3.2386,-0.485122,2.899518
3.2499,-0.485010,2.901084
3.2612,-0.485056,2.885076
3.2763,-0.485111,2.874382
3.2899,-0.484973,2.899477
3.2949,-0.484972,2.886389
3.3044,-0.484990,2.872181
3.3154,-0.484888,2.858422
3.3265,-0.484659,2.863917
3.3377,-0.484532,2.875389
3.3487,-0.484407,2.865957
3.3598,-0.484420,2.864118
3.3710,-0.484168,2.865678
3.3820,-0.488666,2.810942
3.3932,-0.488811,2.747316
3.4042,-0.488910,2.797533
3.4154,-0.489118,2.739947
3.4304,-0.489161,2.819560
3.4376,-0.489317,2.804204
3.4487,-0.489019,2.804418
3.4601,-0.489153,2.779986
3.4709,-0.488975,2.815336
3.4820,-0.484932,3.061773
3.4931,-0.484660,3.078915
3.5042,-0.483908,3.095195
3.5155,-0.483663,3.080076
3.5265,-0.483444,3.066443
3.5375,-0.483147,3.036130
3.5487,-0.483100,3.033171
3.5599,-0.487260,2.921641
3.5709,-0.487070,3.001857
3.5858,-0.484787,3.198791
3.6007,-0.484162,3.097630
3.6041,-0.483203,3.221613
3.6137,-0.482494,3.048743
3.6247,-0.480627,3.042043
3.6359,-0.480414,2.939006
3.6471,-0.480147,2.914107
3.6580,-0.479898,2.830377
3.6692,-0.479376,3.025475
3.6802,-0.480431,3.116686
3.6918,-0.479183,3.141188
3.7024,-0.476792,3.433953
3.7136,-0.473156,3.667313
3.7247,-0.468819,4.043759
3.7398,-0.462833,5.223158
3.7470,-0.456752,5.991971
3.7580,-0.450030,6.797846
3.7691,-0.443409,7.117234
3.7801,-0.438072,7.733768
3.7913,-0.432345,8.096383
3.8024,-0.426219,7.973448
3.8135,-0.418806,7.814938
3.8246,-0.401500,8.099272
3.8357,-0.392649,8.125706
3.8468,-0.387011,7.864098
3.8579,-0.377374,7.543686
3.8691,-0.367426,6.795475
3.8803,-0.361142,5.481082
3.8961,-0.350302,4.485580
3.9024,-0.336532,3.271737
3.9138,-0.324415,2.449593
3.9248,-0.312643,1.655623
3.9357,-0.301198,0.723653
3.9468,-0.288468,359.794700
3.9581,-0.276647,358.914500
3.9695,-0.263777,358.086800
3.9808,-0.251602,357.168500
3.9925,-0.238175,356.317000
4.0035,-0.225111,355.390000
4.0149,-0.211073,354.419100
4.0262,-0.210566,351.685500
4.0377,-0.196590,351.042600
4.0530,-0.176062,349.611100
4.0669,-0.164344,348.504300
4.0714,-0.148912,348.278200
4.0811,-0.131401,347.460400
4.0922,-0.113936,347.450000
4.1033,-0.094939,346.990900
4.1146,-0.082761,347.026600
4.1257,-0.063138,346.677400
4.1366,-0.048079,347.006700
4.1478,-0.034189,347.063600
4.1591,-0.021906,347.073000
4.1701,-0.006239,347.552700
4.1812,0.012196,348.075600
4.1923,0.024989,348.743800
4.2073,0.043129,349.366000
4.2144,0.056660,350.238000
4.2255,0.074608,351.254600
4.2366,0.092415,352.233600
4.2477,0.105621,353.100400
4.2588,0.120796,353.631400
4.2699,0.133135,354.226400
4.2811,0.150674,354.524900
4.2921,0.163706,354.753200
4.3033,0.176594,354.873600
4.3143,0.190849,354.849300
4.3255,0.203643,354.863700
4.3365,0.217071,354.605200
4.3476,0.229574,354.525200
4.3625,0.251306,354.467500
4.3781,0.264164,354.101500
4.3809,0.285284,353.752000
4.3909,0.298488,353.220100
4.4021,0.316058,352.458000
4.4132,0.334254,351.641200
4.4243,0.347217,350.748700
4.4355,0.365036,349.954800
4.4469,0.377902,349.091900
4.4577,0.395129,348.382400
4.4687,0.408181,347.638800
4.4798,0.424562,346.967700
4.4909,0.438132,346.333200
4.5021,0.453990,345.778000
4.5170,0.467350,345.215200
4.5242,0.483383,344.741300
4.5353,0.499910,344.250400
4.5464,0.513015,343.745800
4.5576,0.528517,343.256900
4.5687,0.542349,342.817500
4.5798,0.556922,342.388800
4.5909,0.569827,342.096400
4.6020,0.584848,341.891100
4.6131,0.597350,341.751400
4.6242,0.609754,341.675400
4.6353,0.622261,341.666700
4.6465,0.634533,341.699900
4.6576,0.646776,341.779500
4.6727,0.660125,341.995100
4.6798,0.679951,342.400200
4.6909,0.693151,342.661300
4.7020,0.709341,343.087200
4.7131,0.724385,343.485300
4.7242,0.738168,343.962700
4.7352,0.752271,344.463000
4.7464,0.765851,344.992000
4.7578,0.780125,345.570800
4.7692,0.795020,346.185600
4.7805,0.808511,346.727500
4.7919,0.821835,347.252700
4.8034,0.836872,347.750000
4.8146,0.851718,348.240600
4.8298,0.866336,348.626400
4.8444,0.879703,348.953300
4.8485,0.896839,349.348700
4.8581,0.910579,349.584700
4.8692,0.926368,349.809400
4.8804,0.941094,349.913500
4.8918,0.955840,349.966500
4.9029,0.971303,350.012700
4.9140,0.985998,350.063900
4.9251,1.001770,350.078400
4.9359,1.016788,350.075800
4.9471,1.032561,350.023300
4.9581,1.048149,349.860600
4.9692,1.063148,349.565300
4.9843,1.071564,349.074500
4.9914,1.087477,348.769300
5.0025,1.102293,348.475700
5.0138,1.117988,348.261000
5.0247,1.133242,348.106700
5.0358,1.148075,348.011200
5.0469,1.164130,347.931200
5.0584,1.179982,347.851200
5.0691,1.192333,347.627400
5.0802,1.206374,347.440800
5.0913,1.221188,347.277400
5.1025,1.235174,347.076400
5.1135,1.250281,346.834200
5.1248,1.264555,346.525800
5.1405,1.279089,346.153900
5.1472,1.293297,345.764700
5.1581,1.307569,345.417100
5.1693,1.322558,345.167800
5.1803,1.336625,344.919100
5.1914,1.348276,344.654200
5.2027,1.362075,344.504700
5.2141,1.375383,344.393900
5.2253,1.388698,344.255700
5.2368,1.402555,344.132700
5.2480,1.416384,343.950300
5.2595,1.429032,343.763900
5.2706,1.442047,343.570700
5.2819,1.454658,343.399300
5.2972,1.467744,343.264400
5.3109,1.480500,343.137800
5.3158,1.495582,343.098500
5.3256,1.508729,343.050500
5.3364,1.522826,343.106200
5.3476,1.537150,343.124700
5.3589,1.549774,343.168100
5.3700,1.562417,343.181400
5.3811,1.574768,343.156100
5.3922,1.586998,343.154500
5.4031,1.599518,343.159400
5.4143,1.612133,343.179800
5.4255,1.625816,343.175400
5.4365,1.641577,343.120900
5.4515,1.656288,342.965700
5.4586,1.669252,342.679500
5.4697,1.682435,342.386300
5.4808,1.695315,342.091600
5.4920,1.708305,341.990100
5.5030,1.721708,341.984700
5.5141,1.735181,342.138000
5.5254,1.749178,342.344600
5.5365,1.762094,342.506200
5.5475,1.775858,342.558000
5.5586,1.789215,342.573400
5.5697,1.802475,342.588500
5.5810,1.815054,342.571900
5.5921,1.827986,342.588600
5.6070,1.841425,342.644200
5.6141,1.853554,342.584700
5.6252,1.866710,342.543200
5.6363,1.878570,342.452400
5.6476,1.891832,342.309900
5.6586,1.904055,342.147700
5.6700,1.915944,341.979700
5.6812,1.927551,341.828200
5.6925,1.939096,341.712200
5.7038,1.950884,341.638800
5.7151,1.961991,341.586900
5.7264,1.973365,341.557100
5.7377,1.984256,341.552800
5.7490,1.995047,341.587400
5.7640,2.005898,341.654100
5.7772,2.016176,341.763700
5.7826,2.026940,341.931200
5.7924,2.037024,342.100700
5.8038,2.047500,342.370100
5.8149,2.057227,342.649100
5.8259,2.067533,343.010700
5.8369,2.077116,343.351000
5.8481,2.086770,343.739800
5.8593,2.096366,344.132000
5.8703,2.105237,344.540100
5.8813,2.114583,344.944400
5.8924,2.123331,345.329800
5.9036,2.132565,345.733300
5.9189,2.140740,346.099900
5.9257,2.149979,346.499500
5.9368,2.157838,346.864100
5.9482,2.166685,347.250500
5.9590,2.175151,347.635300
5.9701,2.183405,347.976400
5.9813,2.191626,348.316500
5.9925,2.199606,348.600600
6.0035,2.207560,348.863600
6.0146,2.215299,349.053000
6.0259,2.223367,349.136500
6.0368,2.230310,349.068700
6.0479,2.238284,349.035900
6.0591,2.245566,348.920000
6.0741,2.252589,348.781600
6.0889,2.259652,348.538900
6.0923,2.266251,348.248100
6.1018,2.273199,348.019900
6.1126,2.279400,347.745100
6.1237,2.286434,347.555100
6.1350,2.292011,347.245100
6.1459,2.297927,346.918900
6.1572,2.302834,346.478100
6.1681,2.308431,346.059800
6.1795,2.313422,345.583600
6.1903,2.317349,345.045500
6.2014,2.321671,344.635100
6.2127,2.325636,344.274400
6.2279,2.328725,344.042800
6.2347,2.331719,343.712800
6.2460,2.334522,343.926500
6.2569,2.337461,344.314100
6.2683,2.340548,344.811500
6.2794,2.342656,345.257100
6.2904,2.344294,345.740800
6.3016,2.345568,346.229100
6.3128,2.346437,346.836600
6.3236,2.347449,347.468800
6.3347,2.348116,348.221800
6.3458,2.349601,349.124200
6.3571,2.349919,349.996800
6.3681,2.350836,350.903200
6.3831,2.351712,351.838000
6.3902,2.351630,352.750400
6.4014,2.351600,353.591200
6.4127,2.351290,354.292200
6.4237,2.351907,354.934000
6.4346,2.351497,355.567600
6.4460,2.351946,356.151000
6.4573,2.352307,356.691800
6.4686,2.352082,357.175400
6.4800,2.352690,357.533300
6.4914,2.352510,357.852300
6.5027,2.353147,358.113800
6.5141,2.353271,358.251400
6.5260,2.353997,358.306500
6.5405,2.354852,358.307900
6.5548,2.355129,358.197500
6.5592,2.356080,358.101100
6.5690,2.356584,358.002400
6.5801,2.357520,357.859500
6.5910,2.357882,357.654400
6.6023,2.358909,357.400100
6.6133,2.359272,357.247500
6.6243,2.360133,357.167700
6.6359,2.360166,357.018700
6.6466,2.361144,356.412400
6.6577,2.361446,356.466400
6.6688,2.362446,356.541900
6.6800,2.363143,356.196100
6.6951,2.363712,356.329500
6.7021,2.363633,356.448100
6.7132,2.363650,356.732200
6.7243,2.363656,356.819400
6.7354,2.363848,356.768600
6.7465,2.364074,356.772300
6.7578,2.364047,356.943600
6.7689,2.363922,356.874700
6.7798,2.364127,356.852800
6.7910,2.364008,356.767800
6.8020,2.364116,356.838600
6.8132,2.363985,356.822700
6.8243,2.363843,356.788700
6.8354,2.364000,356.790400
6.8503,2.363735,356.723600
6.8576,2.363902,356.647400
6.8688,2.363636,356.604400
6.8798,2.363903,356.601400
6.8910,2.363625,356.555800
6.9020,2.363647,356.457500
6.9136,2.363495,356.492300
6.9246,2.363614,356.617400
6.9359,2.363716,356.597700
6.9473,2.363500,356.571200
6.9586,2.363737,356.616400
6.9701,2.363553,356.599600
6.9813,2.363747,356.574900
6.9926,2.363620,356.577500
7.0076,2.363942,356.590300
7.0214,2.364029,356.624700
7.0264,2.363772,356.626300
7.0357,2.363932,356.611700
7.0469,2.363762,356.590300
7.0580,2.363969,356.616900
7.0693,2.363908,356.621800
7.0801,2.364095,356.647600
7.0913,2.364153,356.648700
7.1024,2.364216,356.635300
7.1135,2.364492,356.629700
7.1247,2.364256,356.633300
7.1359,2.364480,356.649300
7.1469,2.364257,356.649900
7.1620,2.364453,356.649400
7.1691,2.364337,356.638300
7.1802,2.364517,356.638800
7.1913,2.364400,356.642000
7.2023,2.364415,356.647400
7.2136,2.364331,356.656600
7.2246,2.364335,356.651200
7.2357,2.364594,356.647000
7.2468,2.364531,356.650300
7.2580,2.364631,356.663300
7.2690,2.364558,356.656000
7.2801,2.364654,356.664500
7.2913,2.364757,356.660700
7.3024,2.364706,356.659800
7.3173,2.364911,356.672200
7.3332,2.364758,356.671900
7.3356,2.364851,356.670300
7.3452,2.364763,356.677600
7.3564,2.364764,356.672900
7.3674,2.364652,356.661100
7.3786,2.364771,356.664200
7.3897,2.364613,356.669900
7.4007,2.364677,356.678700
7.4119,2.364669,356.676000
7.4231,2.364717,356.668500
7.4342,2.364634,356.669300
7.4453,2.364791,356.686900
7.4563,2.365076,356.689300
7.4714,2.364920,356.683700
7.4787,2.365007,356.692000
7.4898,2.365061,356.683900
7.5007,2.365075,356.681700
7.5118,2.364908,356.686100
7.5232,2.365144,356.692900
7.5340,2.365206,356.705000
7.5451,2.365078,356.699800
7.5563,2.365404,356.697600
7.5673,2.365457,356.699300
7.5784,2.365402,356.707400
7.5895,2.365455,356.702300
7.6009,2.365545,356.701600
7.6121,2.365393,356.702200
7.6273,2.365479,356.699500
7.6339,2.365356,356.704800
7.6451,2.365251,356.698800
7.6564,2.365399,356.706800
7.6673,2.365241,356.706700
7.6784,2.365411,356.706200
7.6896,2.365444,356.703600
7.7007,2.365424,356.700200
7.7117,2.365470,356.698300
7.7233,2.365320,356.704700
7.7344,2.365822,356.721100
7.7458,2.365657,356.716900
7.7572,2.366090,356.732200
7.7686,2.365974,356.725700
7.7836,2.366271,356.735400
7.7983,2.366334,356.738300
7.8023,2.366348,356.747800
7.8126,2.366552,356.743800
7.8235,2.366477,356.743800
7.8348,2.366398,356.733000
7.8459,2.366452,356.745200
7.8569,2.366580,356.745100
7.8679,2.366457,356.746200
7.8792,2.366420,356.744400
7.8902,2.366412,356.742200
7.9012,2.366443,356.742200
7.9124,2.366476,356.741200
7.9238,2.366544,356.750900
7.9388,2.366554,356.734900
7.9458,2.366617,356.743000
7.9571,2.366735,356.752300
7.9685,2.366625,356.754500
7.9796,2.366760,356.756100
7.9902,2.366661,356.751400
8.0014,2.366638,356.757400
8.0127,2.366571,356.754500
8.0235,2.366541,356.748400
8.0346,2.366845,356.754500
8.0456,2.366735,356.758600
8.0567,2.366795,356.754000
8.0679,2.366889,356.750800
8.0790,2.367045,356.767500
8.0938,2.367015,356.760400
8.1098,2.366978,356.764800
8.1122,2.367085,356.747700
8.1227,2.367092,356.760400
8.1340,2.367133,356.765000
8.1451,2.367211,356.756000
8.1561,2.367296,356.769400
8.1670,2.367274,356.757400
8.1782,2.367493,356.773900
8.1893,2.367386,356.770500
8.2004,2.367431,356.772300
8.2115,2.367271,356.766100
8.2226,2.367207,356.760000
8.2338,2.367435,356.778100
8.2489,2.367496,356.774300
8.2561,2.367560,356.776900
8.2670,2.367518,356.765700
8.2784,2.367552,356.772800
8.2893,2.367544,356.768300
8.3006,2.367640,356.778300
8.3115,2.367769,356.770100
8.3226,2.367807,356.771600
8.3336,2.367731,356.766900
8.3448,2.367661,356.775200
8.3559,2.367666,356.767800
8.3670,2.367606,356.763700
8.3782,2.367747,356.778700
8.3893,2.367738,356.773600
8.4042,2.367695,356.772100
8.4114,2.367504,356.767600
8.4226,2.367560,356.770400
8.4336,2.367584,356.781000
8.4447,2.367656,356.781700
8.4558,2.367693,356.785500
8.4669,2.367682,356.775100
8.4783,2.367809,356.782500
8.4891,2.367718,356.781500
8.5004,2.367662,356.787100
8.5118,2.367790,356.796200
8.5232,2.367802,356.782700
8.5346,2.367832,356.792500
8.5460,2.367828,356.793700
8.5610,2.367944,356.803400
8.5761,2.367902,356.790100
8.5801,2.367850,356.786600
8.5897,2.368009,356.799900
8.6008,2.367918,356.805900
8.6117,2.368155,356.808700
8.6228,2.368065,356.803100
8.6341,2.368111,356.803200
8.6450,2.368176,356.806800
8.6561,2.368217,356.816300
8.6672,2.368265,356.802800
8.6783,2.368320,356.807500
8.6894,2.368309,356.812600
8.7006,2.368217,356.817700
8.7157,2.368091,356.812600
8.7228,2.367949,356.796100
8.7338,2.367739,356.798100
8.7450,2.367718,356.809900
8.7561,2.367502,356.797200
8.7672,2.367417,356.801400
8.7783,2.367291,356.791800
8.7894,2.367200,356.791800
8.8007,2.367216,356.796500
8.8116,2.367039,356.787600
8.8227,2.367152,356.792100
8.8339,2.367170,356.794500
8.8453,2.367064,356.793200
8.8561,2.367275,356.793700
8.8715,2.367438,356.806900
8.8782,2.367667,356.798200
8.8894,2.367946,356.810500
8.9004,2.368013,356.817200
8.9115,2.368049,356.815600
8.9227,2.367940,356.816900
8.9341,2.367980,356.820300
8.9453,2.368080,356.816400
8.9567,2.367982,356.819900
8.9681,2.368156,356.817100
8.9794,2.368114,356.821900
8.9907,2.368325,356.821100
9.0022,2.368341,356.826700
9.0135,2.368399,356.837900
9.0285,2.368467,356.828000
9.0428,2.368434,356.822100
9.0472,2.368453,356.823300
9.0566,2.368409,356.821300
9.0679,2.368588,356.831100
9.0787,2.368676,356.819200
9.0899,2.368817,356.819000
9.1010,2.368734,356.824700
9.1121,2.368655,356.827500
9.1232,2.368834,356.826100
9.1343,2.368833,356.823900
9.1454,2.368886,356.827300
9.1568,2.368821,356.824800
9.1676,2.369041,356.822800
9.1827,2.368903,356.827000
9.1899,2.369103,356.822900
9.2009,2.369123,356.828600
9.2123,2.369202,356.831300
9.2234,2.369232,356.827100
9.2345,2.369144,356.820000
9.2460,2.369264,356.819800
9.2565,2.369149,356.822900
9.2676,2.369402,356.825800
9.2789,2.369445,356.831100
9.2899,2.369470,356.836600
9.3010,2.369447,356.823200
9.3122,2.369576,356.834200
9.3234,2.369583,356.832000
9.3380,2.369525,356.828600
9.3536,2.369647,356.828900
9.3564,2.369779,356.831300
9.3665,2.369631,356.829300
9.3776,2.369497,356.830700
9.3887,2.369730,356.831300
9.3999,2.369766,356.826800
9.4111,2.369705,356.824000
9.4222,2.369759,356.830900
9.4332,2.369835,356.827100
9.4443,2.370078,356.828200
9.4555,2.370021,356.838700
9.4665,2.370219,356.833600
9.4779,2.370257,356.832600
9.4925,2.370325,356.837800
9.4998,2.370387,356.842700
9.5109,2.370405,356.840900
9.5220,2.370332,356.828600
9.5331,2.370299,356.842400
9.5442,2.370376,356.839600
9.5554,2.370511,356.839400
9.5667,2.370467,356.842300
9.5775,2.370507,356.848800
9.5886,2.370402,356.841100
9.5997,2.370671,356.840200
9.6111,2.370684,356.846900
9.6220,2.370770,356.840400
9.6331,2.370672,356.839700
9.6483,2.370778,356.844900
9.6554,2.370815,356.842500
9.6665,2.370759,356.843000
9.6775,2.370789,356.840600
9.6886,2.370697,356.835600
9.6997,2.370783,356.839200
9.7109,2.370743,356.840600
9.7221,2.370688,356.839400
9.7334,2.370653,356.840800
9.7448,2.370632,356.842700
9.7561,2.370603,356.842700
9.7675,2.370701,356.842400
9.7789,2.370588,356.843400
9.7902,2.370554,356.846000
9.8052,2.370685,356.854600
9.8200,2.370664,356.851000
9.8240,2.370805,356.853600
9.8336,2.370831,356.858100
